{"HP":100.0,"Stamina":101.0992202758789,"Energy":48.09941864013672,"maxHP":100.0,"maxStamina":101.0,"maxEnergy":100.0,"exp":0.0,"expForLvl":1.0,"currentLvl":0,"water":98.77867126464844,"food":98.77867126464844,"maxWater":100.0,"maxFood":100.0,"Endurance":1.0,"Position":{"x":-4.698674201965332,"y":6.033664703369141,"z":0.0}}